{
  "list": [
    {
      "name": "Fried Chicken",
      "calories": 259,
      "fat": 15.36,
      "saturatedFat": 4.07,
      "cholesterol": 86,
      "sodium": 0.265,
      "carbohydrates": 8.28,
      "fiber": 0.3,
      "sugar": 0,
      "protein": 20.68,
      "nutrition": {
        "protein": 3,
        "fat": 5
      },
      "wic": false,
      "price": 0.75,
      "imgPath": "/Design Assets/Food Icons/friedChicken.png",
	  "imgPath_c": "/Design Assets/Food Icons/friedChicken_c.png",
      "wicType": null,
      "premade": false
    },
    {
      "name": "Salmon",
      "calories": 155,
      "fat": 6.91,
      "saturatedFat": 1.07,
      "cholesterol": 60,
      "sodium": 0.048,
      "carbohydrates": 0,
      "fiber": 0,
      "sugar": 0,
      "protein": 21.62,
      "nutrition": {
        "protein": 3,
        "fat": 1,
        "veg": 0
      },
      "wic": false,
      "price": 2.19,
      "imgPath": "/Design Assets/Food Icons/salmon.png",
      "wicType": null,
      "premade": false
    },
    {
      "name": "Mac and Cheese",
      "calories": 204,
      "fat": 8.78,
      "saturatedFat": 3.57,
      "cholesterol": 14,
      "sodium": 0.397,
      "carbohydrates": 23.67,
      "fiber": 1.5,
      "sugar": 2.1,
      "protein": 7.67,
      "nutrition": {
        "protein": 1,
        "fat": 2,
        "grain": 3,
        "dairy": 1
      },
      "wic": false,
      "price": 0.21,
      "imgPath": "/Design Assets/Food Icons/macAndCheese.png",
      "wicType": null,
      "premade": false
    },
    {
      "name": "Banana",
      "calories": 105,
      "fat": 0.39,
      "saturatedFat": 0.13,
      "cholesterol": 0,
      "sodium": 0.001,
      "carbohydrates": 26.95,
      "fiber": 3.1,
      "sugar": 14.43,
      "protein": 1.29,
      "nutrition": {
        "fruit": 2
      },
      "wic": true,
      "price": 0.28,
      "imgPath": "/Design Assets/Food Icons/banana.png",
      "wicType": 5,
      "premade": false
    },
    {
      "name": "Tomato",
      "calories": 22,
      "fat": 0.25,
      "saturatedFat": 0.03,
      "cholesterol": 0,
      "sodium": 0.006,
      "carbohydrates": 4.78,
      "fiber": 1.5,
      "sugar": 3.23,
      "protein": 1.08,
      "nutrition": {
        "veg": 1
      },
      "wic": true,
      "price": 0.99,
      "imgPath": "/Design Assets/Food Icons/tomato.png",
      "wicType": 6,
      "premade": false
    },
    {
      "name": "Bologna",
      "calories": 88,
      "fat": 8.15,
      "saturatedFat": 3.6,
      "cholesterol": 18,
      "sodium": 0.33,
      "carbohydrates": 0.69,
      "fiber": 0,
      "sugar": 0.39,
      "protein": 3.09,
      "nutrition": {
        "fat": 1
      },
      "wic": false,
      "price": 0.13,
      "imgPath": "/Design Assets/Food Icons/bologna.png",
      "wicType": null,
      "premade": false
    },
    {
      "name": "Apple",
      "calories": 95,
      "fat": 0.31,
      "saturatedFat": 0.05,
      "cholesterol": 0,
      "sodium": 0.002,
      "carbohydrates": 25.13,
      "fiber": 4.4,
      "sugar": 18.91,
      "protein": 0.47,
      "nutrition": {
        "fruit": 2
      },
      "wic": true,
      "price": 0.35,
      "imgPath": "/Design Assets/Food Icons/apple.png",
      "wicType": 5,
      "premade": false
    },
    {
      "name": "Ground Beef",
      "calories": 196,
      "fat": 10.23,
      "saturatedFat": 4.04,
      "cholesterol": 76,
      "sodium": 0.074,
      "carbohydrates": 0,
      "fiber": 0,
      "sugar": 0,
      "protein": 24.18,
      "nutrition": {
        "protein": 3,
        "fat": 2
      },
      "wic": false,
      "price": 0.84,
      "imgPath": "/Design Assets/Food Icons/groundBeef.png",
      "wicType": null,
      "premade": false
    },
    {
      "name": "Candy Bar",
      "calories": 232,
      "fat": 13.74,
      "saturatedFat": 4.83,
      "cholesterol": 3,
      "sodium": 0.161,
      "carbohydrates": 24.91,
      "fiber": 1.6,
      "sugar": 21.23,
      "protein": 461,
	  "nutrition": {
        "fat": 3
      },
      "wic": false,
      "price": 0.61,
      "imgPath": "/Design Assets/Food Icons/candyBar.png",
      "wicType": null,
      "premade": false
    },
    {
      "name": "Cookies",
      "calories": 167,
      "fat": 6.89,
      "saturatedFat": 2.04,
      "cholesterol": 0,
      "sodium": 0.14,
      "carbohydrates": 25.56,
      "fiber": 1,
      "sugar": 14.64,
      "protein": 1.88,
      "nutrition": {
        "grain": 1,
        "fat": 1
      },
      "wic": false,
      "price": 0.15,
      "imgPath": "/Design Assets/Food Icons/cookies.png",
      "wicType": null,
      "premade": false
    },
    {
      "name": "Soda",
      "calories": 152,
      "fat": 0,
      "saturatedFat": 0,
      "cholesterol": 0,
      "sodium": 0.015,
      "carbohydrates": 39.15,
      "fiber": 0,
      "sugar": 39.78,
      "protein": 0,
      "nutrition": {
        "extra": 1
      },
      "wic": false,
      "price": 0.39,
      "imgPath": "/Design Assets/Food Icons/soda.png",
      "wicType": null,
      "premade": false
    },
    {
      "name": "Jelly",
      "calories": 56,
      "fat": 0.01,
      "saturatedFat": 0,
      "cholesterol": 0,
      "sodium": 0.006,
      "carbohydrates": 13.77,
      "fiber": 0.2,
      "sugar": 9.7,
      "protein": 0.07,
      "nutrition": {
        "extra": 1
      },
      "wic": false,
      "price": 0.04,
      "imgPath": "/Design Assets/Food Icons/jelly.png",
      "wicType": null,
      "premade": false
    },
    {
      "name": "Peanut Butter",
      "calories": 190,
      "fat": 16.47,
      "saturatedFat": 2.55,
      "cholesterol": 0,
      "sodium": 0.117,
      "carbohydrates": 5.66,
      "fiber": 1.8,
      "sugar": 3.5,
      "protein": 8.34,
      "nutrition": {
        "protein": 1,
        "fat": 3
      },
      "wic": true,
      "price": 0.16,
      "imgPath": "/Design Assets/Food Icons/peanutButter.png",
      "wicType": 3,
      "premade": false
    },
    {
      "name": "Cereal",
      "calories": 155,
      "fat": 0.71,
      "saturatedFat": 0.19,
      "cholesterol": 0,
      "sodium": 0.197,
      "carbohydrates": 37.46,
      "fiber": 0.9,
      "sugar": 14.88,
      "protein": 1.66,
      "nutrition": {
        "grain": 2
      },
      "wic": false,
      "price": 0.19,
      "imgPath": "/Design Assets/Food Icons/cereal.png",
      "wicType": null,
      "premade": false
    },
    {
      "name": "Sausage",
      "calories": 286,
      "fat": 22.67,
      "saturatedFat": 8.01,
      "cholesterol": 47,
      "sodium": 1.002,
      "carbohydrates": 3.54,
      "fiber": 0.1,
      "sugar": 0.71,
      "protein": 15.87,
      "nutrition": {
        "protein": 2,
        "fat": 4
      },
      "wic": false,
      "price": 0.66,
      "imgPath": "/Design Assets/Food Icons/sausage.png",
      "wicType": null,
      "premade": false
    },
    {
      "name": "Egg",
      "calories": 91,
      "fat": 6.7,
      "saturatedFat": 2.03,
      "cholesterol": 169,
      "sodium": 0.088,
      "carbohydrates": 0.98,
      "fiber": 0,
      "sugar": 0.85,
      "protein": 6.09,
      "nutrition": {
        "protein": 1,
        "fat": 1
      },
      "wic": true,
      "price": 0.16,
      "imgPath": "/Design Assets/Food Icons/egg.png",
      "wicType": 3,
      "premade": false
    },
    {
      "name": "Potato Chips",
      "calories": 154,
      "fat": 10.32,
      "saturatedFat": 1.14,
      "cholesterol": 0,
      "sodium": 0.128,
      "carbohydrates": 14.4,
      "fiber": 1.2,
      "sugar": 0.1,
      "protein": 1.86,
      "nutrition": {
        "fat": 2
      },
      "wic": false,
      "price": 0.14,
      "imgPath": "/Design Assets/Food Icons/potatoChips.png",
      "wicType": null,
      "premade": false
    },
    {
      "name": "Broccoli",
      "calories": 31,
      "fat": 0.34,
      "saturatedFat": 0.04,
      "cholesterol": 0,
      "sodium": 0.03,
      "carbohydrates": 6.04,
      "fiber": 2.4,
      "sugar": 1.55,
      "protein": 2.57,
      "nutrition": {
        "veg": 1
      },
      "wic": true,
      "price": 0.28,
      "imgPath": "/Design Assets/Food Icons/broccoli.png",
      "wicType": 6,
      "premade": false
    },
    {
      "name": "2% Milk",
      "calories": 122,
      "fat": 4.83,
      "saturatedFat": 3.07,
      "cholesterol": 20,
      "sodium": 0.115,
      "carbohydrates": 11.71,
      "fiber": 0,
      "sugar": 12.35,
      "protein": 8,
      "nutrition": {
        "dairy": 1,
        "protein": 1,
        "fat": 1
      },
      "wic": true,
      "price": 0.66,
      "imgPath": "/Design Assets/Food Icons/2%milk.png",
      "wicType": 4,
      "premade": false
    },
    {
      "name": "Iceberg Lettuce",
      "calories": 8,
      "fat": 0.1,
      "saturatedFat": 0.01,
      "cholesterol": 0,
      "sodium": 0.007,
      "carbohydrates": 2.14,
      "fiber": 0.9,
      "sugar": 1.42,
      "protein": 0.51,
      "nutrition": {
        "veg": 1
      },
      "wic": true,
      "price": 0.2,
      "imgPath": "/Design Assets/Food Icons/icebergLettuce.png",
      "wicType": 6,
      "premade": false
    },
    {
      "name": "Wheat Bread",
      "calories": 78,
      "fat": 1,
      "saturatedFat": 0.23,
      "cholesterol": 0,
      "sodium": 0.151,
      "carbohydrates": 14.34,
      "fiber": 1.2,
      "sugar": 1.76,
      "protein": 3.01,
      "nutrition": {
        "grain": 1
      },
      "wic": true,
      "price": 0.2,
      "imgPath": "/Design Assets/Food Icons/wheatBread.png",
      "wicType": 1,
      "premade": false
    },
    {
      "name": "Green Beans",
      "calories": 31,
      "fat": 0.22,
      "saturatedFat": 0.05,
      "cholesterol": 0,
      "sodium": 0.006,
      "carbohydrates": 6.97,
      "fiber": 2.7,
      "sugar": 3.26,
      "protein": 1.83,
      "nutrition": {
        "veg": 1
      },
      "wic": true,
      "price": 0.54,
      "imgPath": "/Design Assets/Food Icons/greenBeans.png",
      "wicType": 6,
      "premade": false
    },
    {
      "name": "Carrots",
      "calories": 52,
      "fat": 0.31,
      "saturatedFat": 0.05,
      "cholesterol": 0,
      "sodium": 0.088,
      "carbohydrates": 12.26,
      "fiber": 3.6,
      "sugar": 6.07,
      "protein": 1.19,
      "nutrition": {
        "veg": 1
      },
      "wic": true,
      "price": 0.25,
      "imgPath": "/Design Assets/Food Icons/carrots.png",
      "wicType": 6,
      "premade": false
    },
    {
      "name": "Pasta",
      "calories": 221,
      "fat": 1.3,
      "saturatedFat": 0.25,
      "cholesterol": 0,
      "sodium": 0.001,
      "carbohydrates": 43.2,
      "fiber": 2.5,
      "sugar": 0.78,
      "protein": 8.12,
      "nutrition": {
        "grain": 2
      },
      "wic": false,
      "price": 0.1,
      "imgPath": "/Design Assets/Food Icons/pasta.png",
      "wicType": null,
      "premade": false
    },
    {
      "name": "Tomato Sauce",
      "calories": 90,
      "fat": 3,
      "saturatedFat": 0.48,
      "cholesterol": 0,
      "sodium": 0.47,
      "carbohydrates": 13,
      "fiber": 4,
      "sugar": 9,
      "protein": 2,
      "nutrition": {
        "veg": 1
      },
      "wic": false,
      "price": 0.51,
      "imgPath": "/Design Assets/Food Icons/tomatoSauce.png",
      "wicType": null,
      "premade": false
    },
    {
      "name": "White Bread",
      "calories": 80,
      "fat": 0.96,
      "saturatedFat": 0.21,
      "cholesterol": 0,
      "sodium": 0.147,
      "carbohydrates": 14.72,
      "fiber": 0.8,
      "sugar": 1.52,
      "protein": 2.74,
      "nutrition": {
        "grain": 1
      },
      "wic": false,
      "price": 0.07,
      "imgPath": "/Design Assets/Food Icons/whiteBread.png",
      "wicType": null,
      "premade": false
    },
    {
      "name": "Black Beans",
      "calories": 164,
      "fat": 0.52,
      "saturatedFat": 0.14,
      "cholesterol": 0,
      "sodium": 0.691,
      "carbohydrates": 29.79,
      "fiber": 12.4,
      "sugar": 0.41,
      "protein": 10.85,
      "nutrition": {
        "protein": 1,
        "veg": 1
      },
      "wic": true,
      "price": 0.12,
      "imgPath": "/Design Assets/Food Icons/blackBeans.png",
      "wicType": 3,
      "premade": false
    },
    {
      "name": "Cheddar Cheese",
      "calories": 171,
      "fat": 14.09,
      "saturatedFat": 8.79,
      "cholesterol": 45,
      "sodium": 0.264,
      "carbohydrates": 0.54,
      "fiber": 0,
      "sugar": 0.22,
      "protein": 10.59,
      "nutrition": {
        "dairy": 1,
        "protein": 1,
        "fat": 3
      },
      "wic": true,
      "price": 0.64,
      "imgPath": "/Design Assets/Food Icons/cheddarCheese.png",
      "wicType": 4,
      "premade": false
    },
    {
      "name": "100% Juice",
      "calories": 114,
      "fat": 0.32,
      "cholesterol": 0,
      "saturatedFat": 0.6,
      "sodium": 0.01,
      "carbohydrates": 28.02,
      "fiber": 0.5,
      "sugar": 23.86,
      "protein": 0.25,
      "nutrition": {
        "fruit": 1
      },
      "wic": true,
      "price": 0.29,
      "imgPath": "/Design Assets/Food Icons/100%juice.png",
      "wicType": 5,
      "premade": false
    },
    {
      "name": "Brown Rice",
      "calories": 218,
      "fat": 1.62,
      "saturatedFat": 0.32,
      "cholesterol": 0,
      "sodium": 0.002,
      "carbohydrates": 45.84,
      "fiber": 3.5,
      "sugar": 0,
      "protein": 4.52,
      "nutrition": {
        "grain": 3
      },
      "wic": true,
      "price": 0.29,
      "imgPath": "/Design Assets/Food Icons/brownRice.png",
      "wicType": 1,
      "premade": false
    },
    {
      "name": "Frozen Pizza",
      "calories": 533,
      "fat": 24.44,
      "saturatedFat": 8.5,
      "cholesterol": 28,
      "sodium": 0.89,
      "carbohydrates": 57.75,
      "fiber": 4.4,
      "sugar": 7.1,
      "protein": 20.62,
      "nutrition": {
        "grain": 4,
        "fat": 5,
        "protein": 3
      },
      "wic": false,
      "price": 0.93,
      "imgPath": "/Design Assets/Food Icons/frozenPizza.png",
      "wicType": null,
      "premade": false
    },
    {
      "name": "Black Coffee",
      "calories": 0,
      "fat": 0,
      "saturatedFat": 0,
      "cholesterol": 0,
      "sodium": 0,
      "carbohydrates": 0,
      "fiber": 0,
      "sugar": 0,
      "protein": 0,
      "nutrition": {
        "extra": 1
      },
      "wic": false,
      "price": 0.21,
      "imgPath": "/Design Assets/Food Icons/blackCoffee.png",
      "wicType": null,
      "premade": false
    },
    {
      "name": "Canned Tuna",
      "calories": 158,
      "fat": 6.87,
      "saturatedFat": 1.09,
      "cholesterol": 26,
      "sodium": 0.337,
      "carbohydrates": 0,
      "fiber": 0,
      "sugar": 0,
      "protein": 22.55,
      "nutrition": {
        "protein": 3
      },
      "wic": true,
      "price": 0.56,
      "imgPath": "/Design Assets/Food Icons/cannedTuna.png",
      "wicType": 3,
      "premade": false
    }
  ]
}