{
  "list": [
    {
      "name": "Mac and Cheese",
      "calories": 204,
      "fat": 8.78,
      "saturatedFat": 3.57,
      "cholesterol": 14,
      "sodium": 0.397,
      "carbohydrates": 23.67,
      "fiber": 1.5,
      "sugar": 2.1,
      "protein": 7.67,
      "nutrition": {
        "protein": 1,
        "fat": 2,
        "grain": 3,
        "dairy": 1
      },
      "wic": false,
      "price": 0,
      "imgPath": "/Design Assets/Food Icons/macAndCheese.png",
      "wicType": null,
      "premade": false
    },
    {
      "name": "White Bread",
      "calories": 80,
      "fat": 0.96,
      "saturatedFat": 0.21,
      "cholesterol": 0,
      "sodium": 0.147,
      "carbohydrates": 14.72,
      "fiber": 0.8,
      "sugar": 1.52,
      "protein": 2.74,
      "nutrition": {
        "grain": 1
      },
      "wic": false,
      "price": 0,
      "imgPath": "/Design Assets/Food Icons/whiteBread.png",
      "wicType": null,
      "premade": false
    },
    {
      "name": "Canned Tuna",
      "calories": 158,
      "fat": 6.87,
      "saturatedFat": 1.09,
      "cholesterol": 26,
      "sodium": 0.337,
      "carbohydrates": 0,
      "fiber": 0,
      "sugar": 0,
      "protein": 22.55,
      "nutrition": {
        "protein": 3
      },
      "wic": true,
      "price": 0,
      "imgPath": "/Design Assets/Food Icons/cannedTuna.png",
      "wicType": 3,
      "premade": false
    },
    {
      "name": "Pasta",
      "calories": 221,
      "fat": 1.3,
      "saturatedFat": 0.25,
      "cholesterol": 0,
      "sodium": 0.001,
      "carbohydrates": 43.2,
      "fiber": 2.5,
      "sugar": 0.78,
      "protein": 8.12,
      "nutrition": {
        "grain": 2
      },
      "wic": false,
      "price": 0,
      "imgPath": "/Design Assets/Food Icons/pasta.png",
      "wicType": null,
      "premade": false
    },
    {
      "name": "Tomato Sauce",
      "calories": 90,
      "fat": 3,
      "saturatedFat": 0.48,
      "cholesterol": 0,
      "sodium": 0.47,
      "carbohydrates": 13,
      "fiber": 4,
      "sugar": 9,
      "protein": 2,
      "nutrition": {
        "veg": 1
      },
      "wic": false,
      "price": 0,
      "imgPath": "/Design Assets/Food Icons/tomatoSauce.png",
      "wicType": null,
      "premade": false
    },
    {
      "name": "Brown Rice",
      "calories": 218,
      "fat": 1.62,
      "saturatedFat": 0.32,
      "cholesterol": 0,
      "sodium": 0.002,
      "carbohydrates": 45.84,
      "fiber": 3.5,
      "sugar": 0,
      "protein": 4.52,
      "nutrition": {
        "grain": 3
      },
      "wic": true,
      "price": 0,
      "imgPath": "/Design Assets/Food Icons/brownRice.png",
      "wicType": 1,
      "premade": false
    },
    {
      "name": "Black Beans",
      "calories": 164,
      "fat": 0.52,
      "saturatedFat": 0.14,
      "cholesterol": 0,
      "sodium": 0.691,
      "carbohydrates": 29.79,
      "fiber": 12.4,
      "sugar": 0.41,
      "protein": 10.85,
      "nutrition": {
        "protein": 1,
        "veg": 1
      },
      "wic": true,
      "price": 0,
      "imgPath": "/Design Assets/Food Icons/blackBeans.png",
      "wicType": 3,
      "premade": false
    }
  ]
}