{
  "list": [
    {
      "name": "Hot Dog",
      "location": "Mo's Corner Store",
      "calories": 185,
      "fat": 17.16,
      "saturatedFat": 7.14,
      "cholesterol": 34,
      "sodium": 0.584,
      "carbohydrates": 1.51,
      "fiber": 0,
      "sugar": 1.03,
      "protein": 6.33,
      "nutrition": {
        "protein": 1,
        "fat": 3
      },
      "wic": false,
      "price": 1.59,
      "imgPath": "/Design Assets/Food Icons/hotDog.png",
      "wicType": null,
      "premade": false
    },
    {
      "name": "Black Coffee",
      "location": "Mo's Corner Store",
      "calories": 0,
      "fat": 0,
      "saturatedFat": 0,
      "cholesterol": 0,
      "sodium": 0,
      "carbohydrates": 0,
      "fiber": 0,
      "sugar": 0,
      "protein": 0,
      "nutrition": {
        "extra": 1
      },
      "wic": false,
      "price": 0.64,
      "imgPath": "/Design Assets/Food Icons/blackCoffee.png",
      "wicType": null,
      "premade": false
    },
    {
      "name": "Frozen Pizza",
      "location": "Mo's Corner Store",
      "calories": 533,
      "fat": 24.44,
      "saturatedFat": 8.5,
      "cholesterol": 28,
      "sodium": 0.89,
      "carbohydrates": 57.75,
      "fiber": 4.4,
      "sugar": 7.1,
      "protein": 20.62,
      "nutrition": {
        "grain": 4,
        "fat": 5,
        "protein": 3
      },
      "wic": false,
      "price": 1.69,
      "imgPath": "/Design Assets/Food Icons/frozenPizza.png",
      "wicType": null,
      "premade": false
    },
    {
      "name": "25% Juice",
      "location": "Mo's Corner Store",
      "calories": 114,
      "fat": 0.32,
      "cholesterol": 0,
      "saturatedFat": 0.6,
      "sodium": 0.01,
      "carbohydrates": 28.02,
      "fiber": 0.5,
      "sugar": 23.86,
      "protein": 0.25,
      "nutrition": {
        "fruit": 1
      },
      "wic": true,
      "price": 0.8,
      "imgPath": "/Design Assets/Food Icons/25%juice.png",
      "wicType": 5,
      "premade": false
    },
    {
      "name": "White Bread",
      "location": "Mo's Corner Store",
      "calories": 80,
      "fat": 0.96,
      "saturatedFat": 0.21,
      "cholesterol": 0,
      "sodium": 0.147,
      "carbohydrates": 14.72,
      "fiber": 0.8,
      "sugar": 1.52,
      "protein": 2.74,
      "nutrition": {
        "grain": 1
      },
      "wic": false,
      "price": 0.18,
      "imgPath": "/Design Assets/Food Icons/whiteBread.png",
      "wicType": null,
      "premade": false
    },
    {
      "name": "2% Milk",
      "location": "Mo's Corner Store",
      "calories": 122,
      "fat": 4.83,
      "saturatedFat": 3.07,
      "cholesterol": 20,
      "sodium": 0.115,
      "carbohydrates": 11.71,
      "fiber": 0,
      "sugar": 12.35,
      "protein": 8,
      "nutrition": {
        "dairy": 1,
        "protein": 1,
        "fat": 1
      },
      "wic": true,
      "price": 0.66,
      "imgPath": "/Design Assets/Food Icons/2%milk.png",
      "wicType": 4,
      "premade": false
    },
    {
      "name": "Potato Chips",
      "location": "Mo's Corner Store",
      "calories": 154,
      "fat": 10.32,
      "saturatedFat": 1.14,
      "cholesterol": 0,
      "sodium": 0.128,
      "carbohydrates": 14.4,
      "fiber": 1.2,
      "sugar": 0.1,
      "protein": 1.86,
      "nutrition": {
        "fat": 0
      },
      "wic": false,
      "price": 1.25,
      "imgPath": "/Design Assets/Food Icons/potatoChips.png",
      "wicType": null,
      "premade": false
    },
    {
      "name": "Peanut Butter",
      "location": "Mo's Corner Store",
      "calories": 190,
      "fat": 16.47,
      "saturatedFat": 2.55,
      "cholesterol": 0,
      "sodium": 0.117,
      "carbohydrates": 5.66,
      "fiber": 1.8,
      "sugar": 3.5,
      "protein": 8.34,
      "nutrition": {
        "protein": 1,
        "fat": 3
      },
      "wic": true,
      "price": 0.34,
      "imgPath": "/Design Assets/Food Icons/peanutButter.png",
      "wicType": 3,
      "premade": false
    },
    {
      "name": "Soda",
      "location": "Mo's Corner Store",
      "calories": 152,
      "fat": 0,
      "saturatedFat": 0,
      "cholesterol": 0,
      "sodium": 0.015,
      "carbohydrates": 39.15,
      "fiber": 0,
      "sugar": 39.78,
      "protein": 0,
      "nutrition": {
        "extra": 1
      },
      "wic": false,
      "price": 1.99,
      "imgPath": "/Design Assets/Food Icons/soda.png",
      "wicType": null,
      "premade": false
    },
    {
      "name": "Cookies",
      "location": "Mo's Corner Store",
      "calories": 167,
      "fat": 6.89,
      "saturatedFat": 2.04,
      "cholesterol": 0,
      "sodium": 0.14,
      "carbohydrates": 25.56,
      "fiber": 1,
      "sugar": 14.64,
      "protein": 1.88,
      "nutrition": {
        "grain": 1,
        "fat": 1
      },
      "wic": false,
      "price": 2.39,
      "imgPath": "/Design Assets/Food Icons/cookies.png",
      "wicType": null,
      "premade": false
    },
    {
      "name": "Candy Bar",
      "location": "Mo's Corner Store",
      "calories": 232,
      "fat": 13.74,
      "saturatedFat": 4.83,
      "cholesterol": 3,
      "sodium": 0.161,
      "carbohydrates": 24.91,
      "fiber": 1.6,
      "sugar": 21.23,
      "protein": 461,
      "nutrition": {
        "fat": 3
      },
      "wic": false,
      "price": 0.5,
      "imgPath": "/Design Assets/Food Icons/candyBar.png",
      "wicType": null,
      "premade": false
    },
    {
      "name": "Banana",
      "location": "Mo's Corner Store",
      "calories": 105,
      "fat": 0.39,
      "saturatedFat": 0.13,
      "cholesterol": 0,
      "sodium": 0.001,
      "carbohydrates": 26.95,
      "fiber": 3.1,
      "sugar": 14.43,
      "protein": 1.29,
      "nutrition": {
        "fruit": 2
      },
      "wic": true,
      "price": 0.79,
      "imgPath": "/Design Assets/Food Icons/banana.png",
      "wicType": 5,
      "premade": false
    },
	    {
      "name": "Hot Dog",
      "location": "Mo's Ready-To-Eat",
      "calories": 185,
      "fat": 17.16,
      "saturatedFat": 7.14,
      "cholesterol": 34,
      "sodium": 0.584,
      "carbohydrates": 1.51,
      "fiber": 0,
      "sugar": 1.03,
      "protein": 6.33,
      "nutrition": {
        "protein": 1,
        "fat": 3
      },
      "wic": false,
      "price": 1.5,
      "imgPath": "/Design Assets/Food Icons/hotDog.png",
      "wicType": null,
      "premade": true
    },
    {
      "name": "Ham Sandwich",
      "location": "Mo's Ready-To-Eat",
      "calories": 352,
      "fat": 15.48,
      "saturatedFat": 6.4,
      "cholesterol": 0.6,
      "sodium": 0.771,
      "carbohydrates": 33.35,
      "fiber": 0,
      "sugar": 0,
      "protein": 20.69,
      "nutrition": {
        "protein": 3,
        "fat": 3,
        "grain": 2,
        "dairy": 1
      },
      "wic": false,
      "price": 4.29,
      "imgPath": "/Design Assets/Food Icons/hamSandwich.png",
      "wicType": null,
      "premade": true
    },
    {
      "name": "Burrito",
      "location": "Mo's Ready-To-Eat",
      "calories": 379,
      "fat": 11.19,
      "saturatedFat": 4.2,
      "cholesterol": 0,
      "sodium": 1.042,
      "carbohydrates": 57.78,
      "fiber": 7.8,
      "sugar": 3.2,
      "protein": 13.6,
      "nutrition": {
        "protein": 2,
        "fat": 2,
        "grain": 4,
        "dairy": 1
      },
      "wic": false,
      "price": 2.29,
      "imgPath": "/Design Assets/Food Icons/burrito.png",
      "wicType": null,
      "premade": true
    }
  ]
}